Meldedatum,Bundesland_id,Bundesland,Altersgruppe,Bevoelkerung,Faelle_gesamt,Faelle_neu,Faelle_7-Tage,Inzidenz_7-Tage,7T_Hospitalisierung_Faelle,7T_Hospitalisierung_Inzidenz,Todesfaelle,Todesfaelle_gesamt
2020-03-09,9,Bayern,00+,13369393,161.0,20,133,1.0,52,0.39,1,1
2020-03-16,9,Bayern,00+,13369393,1268.0,169,1107,8.3,121,0.91,20,21
2020-03-23,9,Bayern,00+,13369393,6119.0,561,4851,36.3,557,4.17,89,110
2020-03-30,9,Bayern,00+,13369393,15354.0,862,9235,69.1,1472,11.01,281,391
2020-04-06,9,Bayern,00+,13369393,26241.0,719,10887,81.4,1804,13.49,394,785
2020-04-13,9,Bayern,00+,13369393,33828.0,423,7587,56.7,1257,9.4,463,1248
2020-04-20,9,Bayern,00+,13369393,38554.0,383,4726,35.3,937,7.01,347,1595
2020-04-27,9,Bayern,00+,13369393,41616.0,180,3062,22.9,498,3.72,304,1899
2020-05-04,9,Bayern,00+,13369393,43364.0,89,1748,13.1,295,2.21,226,2125
2020-05-11,9,Bayern,00+,13369393,44645.0,78,1281,9.6,225,1.68,136,2261
2020-05-18,9,Bayern,00+,13369393,45735.0,58,1090,8.2,159,1.19,91,2352
2020-05-25,9,Bayern,00+,13369393,46500.0,87,765,5.7,101,0.76,76,2428
2020-06-01,9,Bayern,00+,13369393,47121.0,37,621,4.6,82,0.61,49,2477
2020-06-08,9,Bayern,00+,13369393,47431.0,37,310,2.3,54,0.4,40,2517
2020-06-15,9,Bayern,00+,13369393,47700.0,18,269,2.0,26,0.19,31,2548
2020-06-22,9,Bayern,00+,13369393,47968.0,28,268,2.0,34,0.25,29,2577
2020-06-29,9,Bayern,00+,13369393,48331.0,31,363,2.7,43,0.32,7,2584
2020-07-06,9,Bayern,00+,13369393,48792.0,28,461,3.4,32,0.24,12,2596
2020-07-13,9,Bayern,00+,13369393,49295.0,18,503,3.8,40,0.3,5,2601
2020-07-20,9,Bayern,00+,13369393,49821.0,43,526,3.9,38,0.28,4,2605
2020-07-27,9,Bayern,00+,13369393,50538.0,85,717,5.4,29,0.22,3,2608
2020-08-03,9,Bayern,00+,13369393,51222.0,70,684,5.1,46,0.34,5,2613
2020-08-10,9,Bayern,00+,13369393,51928.0,33,706,5.3,32,0.24,5,2618
2020-08-17,9,Bayern,00+,13369393,53203.0,164,1275,9.5,42,0.31,2,2620
2020-08-24,9,Bayern,00+,13369393,55302.0,122,2099,15.7,46,0.34,4,2624
2020-08-31,9,Bayern,00+,13369393,57472.0,112,2170,16.2,63,0.47,4,2628
2020-09-07,9,Bayern,00+,13369393,59716.0,203,2244,16.8,47,0.35,3,2631
2020-09-14,9,Bayern,00+,13369393,62369.0,217,2653,19.8,82,0.61,3,2634
2020-09-21,9,Bayern,00+,13369393,65297.0,166,2928,21.9,91,0.68,10,2644
2020-09-28,9,Bayern,00+,13369393,67583.0,127,2286,17.1,104,0.78,14,2658
2020-10-05,9,Bayern,00+,13369393,69903.0,149,2320,17.4,108,0.81,13,2671
2020-10-12,9,Bayern,00+,13369393,73608.0,323,3705,27.7,172,1.29,27,2698
2020-10-19,9,Bayern,00+,13369393,80252.0,576,6644,49.7,258,1.93,28,2726
2020-10-26,9,Bayern,00+,13369393,92465.0,1414,12213,91.4,482,3.61,67,2793
2020-11-02,9,Bayern,00+,13369393,111381.0,2083,18916,141.5,816,6.1,103,2896
2020-11-09,9,Bayern,00+,13369393,135051.0,2180,23670,177.0,1098,8.21,224,3120
2020-11-16,9,Bayern,00+,13369393,159901.0,1534,24850,185.9,1229,9.19,289,3409
2020-11-23,9,Bayern,00+,13369393,184085.0,1820,24184,180.9,1347,10.08,361,3770
2020-11-30,9,Bayern,00+,13369393,208472.0,2021,24387,182.4,1419,10.61,509,4279
2020-12-07,9,Bayern,00+,13369393,232729.0,2424,24257,181.4,1439,10.76,560,4839
2020-12-14,9,Bayern,00+,13369393,260831.0,2649,28102,210.2,1751,13.1,794,5633
2020-12-21,9,Bayern,00+,13369393,290150.0,2278,29319,219.3,1671,12.5,558,6191
2020-12-28,9,Bayern,00+,13369393,312621.0,1702,22471,168.1,1397,10.45,654,6845
2021-01-04,9,Bayern,00+,13369393,334375.0,1723,21754,162.7,1445,10.81,995,7840
2021-01-11,9,Bayern,00+,13369393,356799.0,1752,22424,167.7,1447,10.82,809,8649
2021-01-18,9,Bayern,00+,13369393,375735.0,1283,18936,141.6,1300,9.72,935,9584
2021-01-25,9,Bayern,00+,13369393,390245.0,1039,14510,108.5,1111,8.31,735,10319
2021-02-01,9,Bayern,00+,13369393,402618.0,786,12373,92.5,930,6.96,749,11068
2021-02-08,9,Bayern,00+,13369393,412817.0,566,10199,76.3,763,5.71,553,11621
2021-02-15,9,Bayern,00+,13369393,420594.0,670,7777,58.2,640,4.79,441,12062
2021-02-22,9,Bayern,00+,13369393,428388.0,592,7794,58.3,589,4.41,286,12348
2021-03-01,9,Bayern,00+,13369393,437261.0,729,8873,66.4,630,4.71,258,12606
2021-03-08,9,Bayern,00+,13369393,446958.0,759,9697,72.5,558,4.17,194,12800
2021-03-15,9,Bayern,00+,13369393,458840.0,1004,11882,88.9,651,4.87,152,12952
2021-03-22,9,Bayern,00+,13369393,473797.0,1284,14957,111.9,795,5.95,167,13119
2021-03-29,9,Bayern,00+,13369393,492379.0,1395,18582,139.0,946,7.08,171,13290
2021-04-05,9,Bayern,00+,13369393,510157.0,1354,17778,133.0,978,7.32,176,13466
2021-04-12,9,Bayern,00+,13369393,530954.0,1896,20797,155.6,1051,7.86,237,13703
2021-04-19,9,Bayern,00+,13369393,556043.0,1785,25089,187.7,1071,8.01,243,13946
2021-04-26,9,Bayern,00+,13369393,579911.0,1721,23868,178.5,1089,8.15,231,14177
2021-05-03,9,Bayern,00+,13369393,599165.0,1219,19254,144.0,929,6.95,218,14395
2021-05-10,9,Bayern,00+,13369393,614875.0,989,15710,117.5,757,5.66,175,14570
2021-05-17,9,Bayern,00+,13369393,626015.0,921,11140,83.3,554,4.14,194,14764
2021-05-24,9,Bayern,00+,13369393,633872.0,357,7857,58.8,357,2.67,159,14923
2021-05-31,9,Bayern,00+,13369393,638725.0,381,4853,36.3,253,1.89,75,14998
2021-06-07,9,Bayern,00+,13369393,641948.0,224,3223,24.1,172,1.29,84,15082
2021-06-14,9,Bayern,00+,13369393,644608.0,117,2660,19.9,124,0.93,82,15164
2021-06-21,9,Bayern,00+,13369393,645959.0,85,1351,10.1,84,0.63,57,15221
2021-06-28,9,Bayern,00+,13369393,646897.0,61,938,7.0,71,0.53,31,15252
2021-07-05,9,Bayern,00+,13369393,647662.0,54,765,5.7,56,0.42,23,15275
2021-07-12,9,Bayern,00+,13369393,648651.0,87,989,7.4,64,0.48,13,15288
2021-07-19,9,Bayern,00+,13369393,650119.0,94,1468,11.0,56,0.42,13,15301
2021-07-26,9,Bayern,00+,13369393,651943.0,137,1824,13.6,68,0.51,18,15319
2021-08-02,9,Bayern,00+,13369393,653903.0,122,1960,14.7,105,0.79,22,15341
2021-08-09,9,Bayern,00+,13369393,656092.0,185,2189,16.4,112,0.84,13,15354
2021-08-16,9,Bayern,00+,13369393,659763.0,305,3671,27.5,186,1.39,16,15370
2021-08-23,9,Bayern,00+,13369393,665719.0,565,5956,44.5,335,2.51,11,15381
2021-08-30,9,Bayern,00+,13369393,675571.0,721,9852,73.7,508,3.8,34,15415
2021-09-06,9,Bayern,00+,13369393,687178.0,903,11607,86.8,593,4.44,50,15465
2021-09-13,9,Bayern,00+,13369393,699657.0,947,12479,93.3,662,4.95,54,15519
2021-09-20,9,Bayern,00+,13369393,711897.0,854,12240,91.6,550,4.11,75,15594
2021-09-27,9,Bayern,00+,13369393,723336.0,916,11439,85.6,474,3.55,71,15665
2021-10-04,9,Bayern,00+,13369393,735982.0,928,12646,94.6,549,4.11,95,15760
2021-10-11,9,Bayern,00+,13369393,748848.0,943,12866,96.2,516,3.86,92,15852
2021-10-18,9,Bayern,00+,13369393,764830.0,1262,15982,119.5,613,4.59,96,15948
2021-10-25,9,Bayern,00+,13369393,791025.0,1994,26195,195.9,985,7.37,116,16064
2021-11-01,9,Bayern,00+,13369393,827247.0,3041,36222,270.9,1305,9.76,175,16239
2021-11-08,9,Bayern,00+,13369393,872921.0,4713,45674,341.6,1688,12.63,306,16545
2021-11-15,9,Bayern,00+,13369393,947714.0,8330,74793,559.4,2377,17.78,380,16925
2021-11-22,9,Bayern,00+,13369393,1037243.0,7756,89529,669.7,2763,20.67,456,17381
2021-11-29,9,Bayern,00+,13369393,1122554.0,6580,85311,638.1,2576,19.27,532,17913
2021-12-06,9,Bayern,00+,13369393,1193735.0,5050,71181,532.4,2214,16.56,638,18551
2021-12-13,9,Bayern,00+,13369393,1247161.0,3331,53426,399.6,1693,12.66,445,18996
2021-12-20,9,Bayern,00+,13369393,1285415.0,2269,38254,286.1,1179,8.82,376,19372
2021-12-27,9,Bayern,00+,13369393,1311335.0,2026,25920,193.9,736,5.51,305,19677
2022-01-03,9,Bayern,00+,13369393,1337639.0,2359,26304,196.7,682,5.1,230,19907
2022-01-10,9,Bayern,00+,13369393,1382499.0,5012,44860,335.5,619,4.63,236,20143
2022-01-17,9,Bayern,00+,13369393,1460217.0,7112,77718,581.3,709,5.3,132,20275
2022-01-24,9,Bayern,00+,13369393,1594192.0,14191,133975,1002.1,1123,8.4,125,20400
2022-01-31,9,Bayern,00+,13369393,1794279.0,18910,200087,1496.6,1623,12.14,201,20601
2022-02-07,9,Bayern,00+,13369393,2043870.0,20915,249591,1866.9,1873,14.01,212,20813
2022-02-14,9,Bayern,00+,13369393,2294890.0,19077,251020,1877.6,1878,14.05,212,21025
2022-02-21,9,Bayern,00+,13369393,2547398.0,18753,252508,1888.7,2044,15.29,264,21289
2022-02-28,9,Bayern,00+,13369393,2780370.0,16165,232972,1742.6,1993,14.91,273,21562
2022-03-07,9,Bayern,00+,13369393,2996730.0,18565,216360,1618.3,1939,14.5,296,21858
2022-03-14,9,Bayern,00+,13369393,3282586.0,23299,285856,2138.1,2300,17.2,204,22062
2022-03-21,9,Bayern,00+,13369393,3587321.0,21416,304735,2279.3,2357,17.63,291,22353
2022-03-28,9,Bayern,00+,13369393,3896666.0,18958,309345,2313.8,2314,17.31,269,22622
2022-04-04,9,Bayern,00+,13369393,4143035.0,12028,246369,1842.8,2058,15.39,295,22917
2022-04-11,9,Bayern,00+,13369393,4313903.0,9595,170868,1278.1,1705,12.75,191,23108
2022-04-18,9,Bayern,00+,13369393,4440926.0,8414,127023,950.1,1418,10.61,209,23317
2022-04-25,9,Bayern,00+,13369393,4550211.0,6969,109285,817.4,1366,10.22,210,23527
2022-05-02,9,Bayern,00+,13369393,4648003.0,4312,97792,731.5,1206,9.02,129,23656
2022-05-09,9,Bayern,00+,13369393,4732968.0,3322,84965,635.5,1151,8.61,168,23824
2022-05-16,9,Bayern,00+,13369393,4806561.0,2749,73593,550.5,991,7.41,107,23931
2022-05-23,9,Bayern,00+,13369393,4855876.0,1534,49315,368.9,767,5.74,79,24010
2022-05-30,9,Bayern,00+,13369393,4885271.0,1004,29395,219.9,618,4.62,79,24089
2022-06-06,9,Bayern,00+,13369393,4922452.0,1161,37181,278.1,627,4.69,65,24154
2022-06-13,9,Bayern,00+,13369393,4969571.0,1476,47119,352.4,824,6.16,55,24209
2022-06-20,9,Bayern,00+,13369393,5025262.0,1438,55691,416.6,1058,7.91,95,24304
2022-06-27,9,Bayern,00+,13369393,5104313.0,1423,79051,591.3,1362,10.19,120,24424
2022-07-04,9,Bayern,00+,13369393,5195419.0,1417,91106,681.5,1350,10.1,110,24534
2022-07-11,9,Bayern,00+,13369393,5302139.0,2231,106720,798.2,1475,11.03,75,24609
2022-07-18,9,Bayern,00+,13369393,5427737.0,2294,125598,939.4,1987,14.86,129,24738
2022-07-25,9,Bayern,00+,13369393,5558413.0,1846,130676,977.4,2339,17.5,132,24870
2022-08-01,9,Bayern,00+,13369393,5656624.0,915,98211,734.6,2028,15.17,124,24994
2022-08-08,9,Bayern,00+,13369393,5718187.0,718,61563,460.5,1492,11.16,153,25147
2022-08-15,9,Bayern,00+,13369393,5760369.0,630,42182,315.5,1177,8.8,136,25283
2022-08-22,9,Bayern,00+,13369393,5792593.0,483,32224,241.0,1146,8.57,78,25361
2022-08-29,9,Bayern,00+,13369393,5823896.0,609,31303,234.1,935,6.99,95,25456
2022-09-05,9,Bayern,00+,13369393,5853918.0,453,30022,224.6,863,6.46,84,25540
2022-09-12,9,Bayern,00+,13369393,5885459.0,603,31541,235.9,821,6.14,110,25650
2022-09-19,9,Bayern,00+,13369393,5924952.0,735,39493,295.4,1012,7.57,112,25762
2022-09-26,9,Bayern,00+,13369393,5978629.0,1222,53677,401.5,1439,10.76,70,25832
2022-10-03,9,Bayern,00+,13369393,6079399.0,2065,100770,753.7,2347,17.56,77,25909
2022-10-10,9,Bayern,00+,13369393,6205097.0,4105,125698,940.2,3270,24.46,181,26090
2022-10-17,9,Bayern,00+,13369393,6323087.0,1519,117990,882.5,3725,27.86,169,26259
2022-10-24,9,Bayern,00+,13369393,6401838.0,750,78751,589.0,3012,22.53,208,26467
2022-10-31,9,Bayern,00+,13369393,6449843.0,467,48005,359.1,1996,14.93,134,26601
2022-11-07,9,Bayern,00+,13369393,6476626.0,401,26783,200.3,1311,9.81,194,26795
2022-11-14,9,Bayern,00+,13369393,6499668.0,289,23042,172.3,1223,9.15,143,26938
2022-11-21,9,Bayern,00+,13369393,6515872.0,233,16204,121.2,1107,8.28,124,27062
2022-11-28,9,Bayern,00+,13369393,6530673.0,151,14801,110.7,1219,9.12,80,27142
2022-12-05,9,Bayern,00+,13369393,6545508.0,167,14835,111.0,1237,9.25,72,27214
2022-12-12,9,Bayern,00+,13369393,6561645.0,196,16137,120.7,1301,9.73,132,27346
2022-12-19,9,Bayern,00+,13369393,6578530.0,222,16885,126.3,1724,12.9,97,27443
2022-12-26,9,Bayern,00+,13369393,6597123.0,169,18593,139.1,1905,14.25,96,27539
2023-01-02,9,Bayern,00+,13369393,6611547.0,149,14424,107.9,1561,11.68,89,27628
2023-01-09,9,Bayern,00+,13369393,6622621.0,152,11074,82.8,1357,10.15,163,27791
2023-01-16,9,Bayern,00+,13369393,6634719.0,76,12098,90.5,1435,10.73,157,27948
2023-01-23,9,Bayern,00+,13369393,6643926.0,118,9207,68.9,1123,8.4,85,28033
2023-01-30,9,Bayern,00+,13369393,6655357.0,171,11431,85.5,1330,9.95,85,28118
2023-02-06,9,Bayern,00+,13369393,6670573.0,178,15216,113.8,1546,11.56,96,28214
2023-02-13,9,Bayern,00+,13369393,6687548.0,200,16975,127.0,1960,14.66,103,28317
2023-02-20,9,Bayern,00+,13369393,6705007.0,188,17459,130.6,2326,17.4,112,28429
2023-02-27,9,Bayern,00+,13369393,6721998.0,171,16991,127.1,2531,18.93,132,28561
2023-03-06,9,Bayern,00+,13369393,6735183.0,71,13185,98.6,2073,15.51,132,28693
2023-03-13,9,Bayern,00+,13369393,6742267.0,79,7084,53.0,1747,13.07,133,28826
2023-03-20,9,Bayern,00+,13369393,6747984.0,64,5717,42.8,1555,11.63,99,28925
2023-03-27,9,Bayern,00+,13369393,6752504.0,45,4520,33.8,1291,9.66,90,29015
2023-04-03,9,Bayern,00+,13369393,6755671.0,38,3167,23.7,956,7.15,80,29095
2023-04-10,9,Bayern,00+,13369393,6757814.0,38,2143,16.0,696,5.21,100,29195
2023-04-17,9,Bayern,00+,13369393,6759577.0,16,1763,13.2,567,4.24,124,29319
2023-04-24,9,Bayern,00+,13369393,6761255.0,9,1678,12.6,477,3.57,101,29420
2023-05-01,9,Bayern,00+,13369393,6762532.0,15,1277,9.6,397,2.97,117,29537
2023-05-08,9,Bayern,00+,13369393,6763492.0,6,960,7.2,312,2.33,123,29660
2023-05-15,9,Bayern,00+,13369393,6764367.0,6,875,6.5,242,1.81,23,29683
2023-05-22,9,Bayern,00+,13369393,6765015.0,14,648,4.8,224,1.68,41,29724
2023-05-29,9,Bayern,00+,13369393,6765625.0,3,610,4.6,204,1.53,27,29751
2023-06-05,9,Bayern,00+,13369393,6766022.0,6,397,3.0,134,1.0,17,29768
2023-06-12,9,Bayern,00+,13369393,6766290.0,3,268,2.0,90,0.67,27,29795
2023-06-19,9,Bayern,00+,13369393,6766577.0,3,287,2.1,103,0.77,11,29806
2023-06-26,9,Bayern,00+,13369393,6766772.0,1,195,1.5,49,0.37,12,29818
2023-07-03,9,Bayern,00+,13369393,6766949.0,3,177,1.3,46,0.34,5,29823
2023-07-10,9,Bayern,00+,13369393,6767119.0,1,170,1.3,48,0.36,6,29829
2023-07-17,9,Bayern,00+,13369393,6767286.0,0,167,1.2,43,0.32,4,29833
2023-07-24,9,Bayern,00+,13369393,6767497.0,3,211,1.6,44,0.33,9,29842
2023-07-31,9,Bayern,00+,13369393,6767740.0,4,243,1.8,70,0.52,10,29852
2023-08-07,9,Bayern,00+,13369393,6768065.0,9,325,2.4,90,0.67,6,29858
2023-08-14,9,Bayern,00+,13369393,6768460.0,7,395,3.0,105,0.79,8,29866
2023-08-21,9,Bayern,00+,13369393,6769085.0,17,625,4.7,219,1.64,5,29871
2023-08-28,9,Bayern,00+,13369393,6769745.0,5,660,4.9,191,1.43,14,29885
2023-09-04,9,Bayern,00+,13369393,6770475.0,13,730,5.5,188,1.41,6,29891
2023-09-11,9,Bayern,00+,13369393,6771595.0,16,1120,8.4,259,1.94,10,29901
2023-09-18,9,Bayern,00+,13369393,6773093.0,22,1498,11.2,380,2.84,10,29911
2023-09-25,9,Bayern,00+,13369393,6774741.0,26,1648,12.3,430,3.22,10,29921
2023-10-02,9,Bayern,00+,13369393,6776783.0,35,2042,15.3,513,3.84,18,29939
2023-10-09,9,Bayern,00+,13369393,6779394.0,43,2611,19.5,749,5.6,25,29964
2023-10-16,9,Bayern,00+,13369393,6782796.0,38,3402,25.4,951,7.11,51,30015
2023-10-23,9,Bayern,00+,13369393,6785697.0,65,2901,21.7,900,6.73,45,30060
2023-10-30,9,Bayern,00+,13369393,6789139.0,52,3442,25.7,1287,9.63,50,30110
2023-11-06,9,Bayern,00+,13369393,6792173.0,52,3034,22.7,1080,8.08,83,30193
2023-11-13,9,Bayern,00+,13369393,6795605.0,54,3432,25.7,1179,8.82,62,30255
2023-11-20,9,Bayern,00+,13369393,6798865.0,43,3260,24.4,1059,7.92,45,30300
2023-11-27,9,Bayern,00+,13369393,6802241.0,35,3376,25.3,1097,8.21,54,30354
2023-12-04,9,Bayern,00+,13369393,6805927.0,40,3686,27.6,1198,8.96,64,30418
2023-12-11,9,Bayern,00+,13369393,6810031.0,113,4104,30.7,1303,9.75,58,30476
2023-12-18,9,Bayern,00+,13369393,6814865.0,44,4834,36.2,1503,11.24,62,30538
2023-12-25,9,Bayern,00+,13369393,6819452.0,28,4587,34.3,1370,10.25,45,30583
2024-01-01,9,Bayern,00+,13369393,6822403.0,23,2951,22.1,1097,8.21,54,30637
2024-01-08,9,Bayern,00+,13369393,6825193.0,15,2790,20.9,997,7.46,70,30707
2024-01-15,9,Bayern,00+,13369393,6828115.0,12,2922,21.9,803,6.01,51,30758
2024-01-22,9,Bayern,00+,13369393,6829750.0,11,1635,12.2,508,3.8,31,30789
2024-01-29,9,Bayern,00+,13369393,6831039.0,10,1289,9.6,384,2.87,21,30810
2024-02-05,9,Bayern,00+,13369393,6832064.0,3,1025,7.7,276,2.06,19,30829
2024-02-12,9,Bayern,00+,13369393,6832978.0,6,914,6.8,261,1.95,28,30857
2024-02-19,9,Bayern,00+,13369393,6833533.0,5,555,4.2,152,1.14,34,30891
2024-02-26,9,Bayern,00+,13369393,6833962.0,1,429,3.2,100,0.75,15,30906
2024-03-04,9,Bayern,00+,13369393,6834289.0,2,327,2.4,74,0.55,22,30928
2024-03-11,9,Bayern,00+,13369393,6834551.0,1,262,2.0,70,0.52,11,30939
2024-03-18,9,Bayern,00+,13369393,6834738.0,0,187,1.4,56,0.42,8,30947
2024-03-25,9,Bayern,00+,13369393,6834922.0,1,184,1.4,48,0.36,11,30958
2024-04-01,9,Bayern,00+,13369393,6835044.0,3,122,0.9,38,0.28,5,30963
2024-04-08,9,Bayern,00+,13369393,6835182.0,2,138,1.0,42,0.31,9,30972
2024-04-15,9,Bayern,00+,13369393,6835289.0,0,107,0.8,35,0.26,3,30975
2024-04-22,9,Bayern,00+,13369393,6835377.0,0,88,0.7,23,0.17,7,30982
2024-04-29,9,Bayern,00+,13369393,6835488.0,0,111,0.8,18,0.13,2,30984
2024-05-06,9,Bayern,00+,13369393,6835620.0,0,132,1.0,30,0.22,0,30984
2024-05-13,9,Bayern,00+,13369393,6835789.0,1,169,1.3,52,0.39,5,30989
2024-05-20,9,Bayern,00+,13369393,6835931.0,0,142,1.1,39,0.29,1,30990
2024-05-27,9,Bayern,00+,13369393,6836056.0,0,125,0.9,33,0.25,3,30993
2024-06-03,9,Bayern,00+,13369393,6836178.0,1,122,0.9,44,0.33,4,30997
2024-06-10,9,Bayern,00+,13369393,6836390.0,4,212,1.6,49,0.37,2,30999
2024-06-17,9,Bayern,00+,13369393,6836636.0,0,246,1.8,72,0.54,2,31001
2024-06-24,9,Bayern,00+,13369393,6837012.0,2,376,2.8,84,0.63,6,31007
2024-07-01,9,Bayern,00+,13369393,6837469.0,3,457,3.4,119,0.89,4,31011
2024-07-08,9,Bayern,00+,13369393,6837996.0,3,527,3.9,145,1.08,2,31013
2024-07-15,9,Bayern,00+,13369393,6838656.0,4,660,4.9,178,1.33,5,31018
2024-07-22,9,Bayern,00+,13369393,6839376.0,6,720,5.4,179,1.34,2,31020
2024-07-29,9,Bayern,00+,13369393,6840160.0,2,784,5.9,179,1.34,5,31025
2024-08-05,9,Bayern,00+,13369393,6840983.0,5,823,6.2,215,1.61,7,31032
2024-08-12,9,Bayern,00+,13369393,6841735.0,8,752,5.6,201,1.5,5,31037
2024-08-19,9,Bayern,00+,13369393,6842378.0,3,643,4.8,167,1.25,8,31045
2024-08-26,9,Bayern,00+,13369393,6843120.0,5,742,5.5,201,1.5,8,31053
2024-09-02,9,Bayern,00+,13369393,6843998.0,14,878,6.6,237,1.77,12,31065
2024-09-09,9,Bayern,00+,13369393,6844958.0,7,960,7.2,272,2.03,7,31072
2024-09-16,9,Bayern,00+,13369393,6845933.0,10,975,7.3,254,1.9,13,31085
2024-09-23,9,Bayern,00+,13369393,6847398.0,11,1465,11.0,371,2.77,12,31097
2024-09-30,9,Bayern,00+,13369393,6849686.0,16,2288,17.1,600,4.49,8,31105
2024-10-07,9,Bayern,00+,13369393,6851835.0,30,2149,16.1,606,4.53,10,31115
2024-10-14,9,Bayern,00+,13369393,6854902.0,27,3067,22.9,922,6.9,29,31144
2024-10-21,9,Bayern,00+,13369393,6857867.0,21,2965,22.2,865,6.47,21,31165
2024-10-28,9,Bayern,00+,13369393,6860378.0,8,2511,18.8,775,5.8,10,31175
2024-11-04,9,Bayern,00+,13369393,6862130.0,10,1752,13.1,565,4.23,22,31197
2024-11-11,9,Bayern,00+,13369393,6863492.0,9,1362,10.2,399,2.98,12,31209
2024-11-18,9,Bayern,00+,13369393,6864589.0,5,1097,8.2,344,2.57,29,31238
2024-11-25,9,Bayern,00+,13369393,6865509.0,3,920,6.9,307,2.3,22,31260
2024-12-02,9,Bayern,00+,13369393,6866354.0,7,845,6.3,294,2.2,15,31275
2024-12-09,9,Bayern,00+,13369393,6867094.0,7,740,5.5,251,1.88,11,31286
2024-12-16,9,Bayern,00+,13369393,6867814.0,9,720,5.4,213,1.59,18,31304
2024-12-23,9,Bayern,00+,13369393,6868514.0,8,700,5.2,206,1.54,5,31309
2024-12-30,9,Bayern,00+,13369393,6868932.0,8,418,3.1,151,1.13,13,31322
2025-01-06,9,Bayern,00+,13369393,6869533.0,3,601,4.5,212,1.59,12,31334
2025-01-13,9,Bayern,00+,13369393,6870010.0,2,477,3.6,141,1.05,11,31345
2025-01-20,9,Bayern,00+,13369393,6870404.0,3,394,2.9,143,1.07,9,31354
2025-01-27,9,Bayern,00+,13369393,6870814.0,1,410,3.1,120,0.9,6,31360
2025-02-03,9,Bayern,00+,13369393,6871214.0,7,400,3.0,128,0.96,12,31372
2025-02-10,9,Bayern,00+,13369393,6871600.0,0,386,2.9,94,0.7,9,31381
2025-02-17,9,Bayern,00+,13369393,6871920.0,6,320,2.4,84,0.63,9,31390
2025-02-24,9,Bayern,00+,13369393,6872156.0,0,236,1.8,66,0.49,3,31393
2025-03-03,9,Bayern,00+,13369393,6872359.0,0,203,1.5,60,0.45,6,31399
2025-03-10,9,Bayern,00+,13369393,6872524.0,0,165,1.2,41,0.31,3,31402
2025-03-17,9,Bayern,00+,13369393,6872660.0,0,136,1.0,35,0.26,3,31405
2025-03-24,9,Bayern,00+,13369393,6872795.0,1,135,1.0,52,0.39,6,31411
2025-03-31,9,Bayern,00+,13369393,6872930.0,1,135,1.0,47,0.35,5,31416
2025-04-07,9,Bayern,00+,13369393,6873034.0,0,104,0.8,27,0.2,4,31420
2025-04-14,9,Bayern,00+,13369393,6873135.0,0,101,0.8,33,0.25,0,31420
2025-04-21,9,Bayern,00+,13369393,6873230.0,0,95,0.7,31,0.23,3,31423
2025-04-28,9,Bayern,00+,13369393,6873319.0,0,89,0.7,21,0.16,2,31425
2025-05-05,9,Bayern,00+,13369393,6873394.0,0,75,0.6,16,0.12,2,31427
2025-05-12,9,Bayern,00+,13369393,6873504.0,2,110,0.8,24,0.18,0,31427
2025-05-19,9,Bayern,00+,13369393,6873580.0,2,76,0.6,30,0.22,2,31429
2025-05-26,9,Bayern,00+,13369393,6873678.0,1,98,0.7,24,0.18,2,31431
2025-06-02,9,Bayern,00+,13369393,6873814.0,1,136,1.0,34,0.25,3,31434
2025-06-09,9,Bayern,00+,13369393,6873993.0,1,179,1.3,64,0.48,0,31434
2025-06-16,9,Bayern,00+,13369393,6874100.0,1,107,0.8,28,0.21,4,31438
2025-06-23,9,Bayern,00+,13369393,6874272.0,1,172,1.3,107,0.8,3,31441
2025-06-30,9,Bayern,00+,13369393,6874367.0,0,95,0.7,18,0.13,2,31443
2025-07-07,9,Bayern,00+,13369393,6874460.0,0,93,0.7,27,0.2,3,31446
2025-07-14,9,Bayern,00+,13369393,6874555.0,0,95,0.7,24,0.18,0,31446
2025-07-21,9,Bayern,00+,13369393,6874676.0,0,121,0.9,30,0.22,0,31446
2025-07-28,9,Bayern,00+,13369393,6874833.0,0,157,1.2,40,0.3,0,31446
2025-08-04,9,Bayern,00+,13369393,6874971.0,1,138,1.0,25,0.19,2,31448
2025-08-11,9,Bayern,00+,13369393,6875150.0,2,179,1.3,55,0.41,2,31450
2025-08-18,9,Bayern,00+,13369393,6875306.0,2,156,1.2,48,0.36,3,31453
2025-08-25,9,Bayern,00+,13369393,6875504.0,0,198,1.5,45,0.34,0,31453
2025-09-01,9,Bayern,00+,13369393,6875720.0,6,216,1.6,62,0.46,2,31455
2025-09-08,9,Bayern,00+,13369393,6875987.0,1,267,2.0,68,0.51,1,31456
2025-09-15,9,Bayern,00+,13369393,6876315.0,6,328,2.5,94,0.7,1,31457
2025-09-22,9,Bayern,00+,13369393,6876797.0,3,482,3.6,122,0.91,2,31459
